,crypto_candidate,crypto_benchmark,crypto_optimizer,stocks_candidate,stocks_benchmark,stocks_optimizer,stocks_passive
2010-01-10,,,,1.0107,1.0281,1.0111,1.0184
2010-01-17,,,,1.0053,1.0197,1.0057,1.0184
2010-01-24,,,,0.9849,0.98,0.9853,0.9971
2010-01-31,,,,0.9789,0.9637,0.9793,0.9878
2010-02-07,,,,0.9682,0.9571,0.9686,0.9858
2010-02-14,,,,0.9643,0.9695,0.9646,0.99
2010-02-21,,,,0.9836,0.9973,0.984,1.0041
2010-02-28,,,,0.9838,0.9937,0.9842,1.0071
2010-03-07,,,,1.0065,1.0252,1.0068,1.025
2010-03-14,,,,1.0147,1.0361,1.0151,1.031
2010-03-21,,,,1.0209,1.0449,1.0213,1.0368
2010-03-28,,,,1.0269,1.0504,1.0273,1.0359
2010-04-04,,,,1.032,1.0614,1.0324,1.0424
2010-04-11,,,,1.0425,1.0772,1.0429,1.0519
2010-04-18,,,,1.0413,1.0755,1.0417,1.0548
2010-04-25,,,,1.0629,1.0976,1.0633,1.0664
2010-05-02,,,,1.0466,1.0705,1.047,1.0555
2010-05-09,,,,1.0036,1.0025,1.004,1.0215
2010-05-16,,,,1.002,1.0262,1.0024,1.0358
2010-05-23,,,,0.9881,0.9831,0.9885,1.0169
2010-05-30,,,,0.9883,0.9855,0.9887,1.0167
2010-06-06,,,,0.984,0.9625,0.9844,1.0064
2010-06-13,,,,0.9829,0.9883,0.9833,1.021
2010-06-20,,,,0.9925,1.0115,0.9929,1.0355
2010-06-27,,,,0.9931,0.9766,0.9935,1.0188
2010-07-04,,,,0.9832,0.9252,0.9835,0.9927
2010-07-11,,,,0.978,0.9774,0.9784,1.0214
2010-07-18,,,,0.9802,0.9656,0.9805,1.0199
2010-07-25,,,,0.9737,0.9996,0.9741,1.0385
2010-08-01,,,,0.9767,0.9983,0.9771,1.0414
2010-08-08,,,,0.9824,1.0175,0.9828,1.0568
2010-08-15,,,,0.9817,0.9806,0.9821,1.0402
2010-08-22,,,,0.9894,0.9735,0.9897,1.037
2010-08-29,,,,0.9904,0.9674,0.9908,1.0324
2010-09-05,,,,0.9959,1.0039,0.9963,1.0519
2010-09-12,,,,0.989,1.0093,0.9894,1.0525
2010-09-19,,,,0.9951,1.0239,0.9955,1.0635
2010-09-26,,,,1.0052,1.0451,1.0056,1.0809
2010-10-03,,,,1.011,1.0431,1.0114,1.0834
2010-10-10,,,,1.0199,1.0607,1.0203,1.0993
2010-10-17,,,,1.019,1.0713,1.0194,1.1
2010-10-24,,,,1.0069,1.0772,1.0073,1.1047
2010-10-31,,,,1.0093,1.0785,1.0097,1.1043
2010-11-07,,,,1.0258,1.117,1.0262,1.1313
2010-11-14,,,,1.0047,1.094,1.0051,1.1112
2010-11-21,,,,1.0101,1.0948,1.0105,1.1078
2010-11-28,,,,1.0059,1.0813,1.0063,1.1001
2010-12-05,,,,1.0283,1.1185,1.0287,1.1171
2010-12-12,,,,1.0333,1.133,1.0337,1.1145
2010-12-19,,,,1.0365,1.1373,1.0369,1.1184
2010-12-26,,,,1.0449,1.1492,1.0453,1.1236
2011-01-02,,,,1.0433,1.1506,1.0437,1.1277
2011-01-09,,,,1.0469,1.1633,1.0473,1.1354
2011-01-16,,,,1.0608,1.183,1.0613,1.1475
2011-01-23,,,,1.0524,1.1745,1.0528,1.1404
2011-01-30,,,,1.049,1.1686,1.0494,1.1401
2011-02-06,,,,1.0707,1.2,1.0711,1.1489
2011-02-13,,,,1.0829,1.2179,1.0833,1.1595
2011-02-20,,,,1.0935,1.2309,1.094,1.1693
2011-02-27,,,,1.0846,1.2108,1.085,1.1629
2011-03-06,,,,1.0903,1.212,1.0907,1.1618
2011-03-13,,,,1.0649,1.1971,1.0653,1.156
2011-03-20,,,,1.0473,1.174,1.0477,1.1469
2011-03-27,,,,1.0694,1.2066,1.0698,1.1603
2011-04-03,,,,1.0843,1.2236,1.0847,1.1706
2011-04-10,,,,1.0833,1.2209,1.0838,1.1647
2011-04-17,,,,1.0779,1.2134,1.0783,1.1666
2011-04-24,,,,1.0874,1.2293,1.0879,1.1765
2011-05-01,,,,1.1135,1.2537,1.1139,1.1958
2011-05-08,,,,1.0911,1.2332,1.0916,1.1882
2011-05-15,,,,1.104,1.2317,1.1044,1.1881
2011-05-22,,,,1.1023,1.2278,1.1027,1.1871
2011-05-29,,,,1.0958,1.2269,1.0963,1.1902
2011-06-05,,,,1.075,1.1985,1.0754,1.1767
2011-06-12,,,,1.0711,1.1726,1.0715,1.1624
2011-06-19,,,,1.0666,1.1733,1.067,1.1641
2011-06-26,,,,1.059,1.1711,1.0594,1.1656
2011-07-03,,,,1.0663,1.2367,1.0667,1.1934
2011-07-10,,,,1.0716,1.2412,1.072,1.2028
2011-07-17,,,,1.0599,1.2161,1.0603,1.192
2011-07-24,,,,1.063,1.2428,1.0634,1.2063
2011-07-31,,,,1.0579,1.1943,1.0583,1.1835
2011-08-07,,,,1.064,1.1089,1.0644,1.1395
2011-08-14,,,,1.1045,1.0908,1.105,1.1416
2011-08-21,,,,1.1375,1.0402,1.1379,1.1183
2011-08-28,,,,1.1239,1.0894,1.1243,1.1442
2011-09-04,,,,1.1403,1.0883,1.1407,1.1503
2011-09-11,,,,1.1361,1.0705,1.1365,1.1425
2011-09-18,,,,1.1346,1.128,1.135,1.1714
2011-09-25,,,,1.1269,1.054,1.1273,1.1345
2011-10-02,,,,1.121,1.0503,1.1215,1.1301
2011-10-09,,,,1.0999,1.0741,1.1003,1.1425
2011-10-16,,,,1.0943,1.1378,1.0948,1.1793
2011-10-23,,,,1.097,1.1508,1.0974,1.1892
2011-10-30,,,,1.1022,1.1938,1.1027,1.215
2011-11-06,,,,1.1066,1.1648,1.107,1.2052
2011-11-13,,,,1.1108,1.1757,1.1112,1.2106
2011-11-20,,,,1.0992,1.1323,1.0996,1.1851
2011-11-27,,,,1.0862,1.0799,1.0866,1.152
2011-12-04,,,,1.0887,1.159,1.0891,1.2024
2011-12-11,,,,1.0882,1.1701,1.0886,1.2094
2011-12-18,,,,1.0942,1.1358,1.0946,1.1941
2011-12-25,,,,1.1026,1.1807,1.103,1.2183
2012-01-01,,,,1.11,1.1724,1.1105,1.218
2012-01-08,,,,1.0971,1.193,1.0975,1.2292
2012-01-15,,,,1.1026,1.2036,1.1052,1.2389
2012-01-22,,,,1.0964,1.2326,1.0944,1.2528
2012-01-29,,,,1.0984,1.2314,1.0984,1.2574
2012-02-05,,,,1.1072,1.2568,1.1088,1.2728
2012-02-12,,,,1.1041,1.2551,1.1044,1.2723
2012-02-19,,,,1.1122,1.2743,1.1139,1.2822
2012-02-26,,,,1.1134,1.2791,1.1175,1.2864
2012-03-04,,,,1.1183,1.2827,1.1269,1.2888
2012-03-11,,,,1.1236,1.2851,1.1318,1.2885
2012-03-18,,,,1.1433,1.3164,1.1511,1.2976
2012-03-25,,,,1.1448,1.3103,1.1567,1.2961
2012-04-01,,,,1.1541,1.3211,1.1662,1.3036
2012-04-08,,,,1.1523,1.3116,1.1666,1.3001
2012-04-15,,,,1.1338,1.2867,1.1378,1.2926
2012-04-22,,,,1.1451,1.2943,1.1437,1.2982
2012-04-29,,,,1.1603,1.3172,1.1561,1.3134
2012-05-06,,,,1.1429,1.2854,1.1433,1.2966
2012-05-13,,,,1.1452,1.2724,1.1369,1.2912
2012-05-20,,,,1.1304,1.2173,1.1076,1.2622
2012-05-27,,,,1.1308,1.2394,1.1022,1.2749
2012-06-03,,,,1.138,1.2025,1.1026,1.2637
2012-06-10,,,,1.1327,1.2488,1.0963,1.2851
2012-06-17,,,,1.1418,1.2651,1.106,1.2974
2012-06-24,,,,1.1274,1.2587,1.0738,1.2893
2012-07-01,,,,1.1389,1.2836,1.074,1.3061
2012-07-08,,,,1.1415,1.2778,1.0735,1.307
2012-07-15,,,,1.1522,1.2803,1.0766,1.3105
2012-07-22,,,,1.1508,1.2871,1.0741,1.3163
2012-07-29,,,,1.1511,1.3079,1.0718,1.3256
2012-08-05,,,,1.1458,1.3142,1.0601,1.3286
2012-08-12,,,,1.1413,1.3283,1.0503,1.335
2012-08-19,,,,1.1472,1.3409,1.0556,1.3364
2012-08-26,,,,1.1418,1.3346,1.052,1.3381
2012-09-02,,,,1.1422,1.3313,1.0492,1.3418
2012-09-09,,,,1.1571,1.3612,1.0599,1.3555
2012-09-16,,,,1.1682,1.3886,1.0682,1.3653
2012-09-23,,,,1.1589,1.3831,1.0539,1.367
2012-09-30,,,,1.1445,1.365,1.0457,1.3603
2012-10-07,,,,1.1571,1.3856,1.0605,1.3695
2012-10-14,,,,1.1294,1.3548,1.0374,1.3533
2012-10-21,,,,1.1303,1.3595,1.0409,1.3517
2012-10-28,,,,1.1116,1.3402,1.026,1.341
2012-11-04,,,,1.1128,1.3422,1.0279,1.3438
2012-11-11,,,,1.0892,1.31,1.0068,1.33
2012-11-18,,,,1.0842,1.293,1.0004,1.3209
2012-11-25,,,,1.094,1.3402,1.021,1.3451
2012-12-02,,,,1.0933,1.3478,1.0182,1.353
2012-12-09,,,,1.1027,1.3503,1.0292,1.3544
2012-12-16,,,,1.1078,1.3473,1.0378,1.35
2012-12-23,,,,1.1166,1.3635,1.0435,1.3574
2012-12-30,,,,1.1105,1.3371,1.0432,1.3443
2013-01-06,,,,1.1453,1.3976,1.0725,1.3732
2013-01-13,,,,1.1465,1.4043,1.074,1.3793
2013-01-20,,,,1.1533,1.4164,1.0802,1.3874
2013-01-27,,,,1.1659,1.4347,1.0921,1.3948
2013-02-03,,,,1.1666,1.4441,1.0927,1.3977
2013-02-10,,,,1.16,1.4495,1.0865,1.4043
2013-02-17,,,,1.1669,1.4525,1.093,1.4049
2013-02-24,,,,1.1633,1.4504,1.0896,1.4056
2013-03-03,,,,1.1643,1.4525,1.0905,1.4117
2013-03-10,,,,1.1847,1.4842,1.1097,1.4228
2013-03-17,,,,1.1913,1.4946,1.1159,1.4323
2013-03-24,,,,1.1938,1.4924,1.1182,1.4339
2013-03-31,,,,1.2113,1.5026,1.1346,1.4423
2013-04-07,,,,1.2172,1.4882,1.1401,1.44
2013-04-14,,,,1.2495,1.5231,1.1703,1.461
2013-04-21,,,,1.2475,1.4912,1.1685,1.4423
2013-04-28,,,,1.2522,1.5177,1.1729,1.4599
2013-05-05,,,,1.2641,1.5477,1.1841,1.4749
2013-05-12,,,,1.2663,1.5673,1.1861,1.4828
2013-05-19,,,,1.2909,1.6011,1.2092,1.5013
2013-05-26,,,,1.2741,1.5855,1.1934,1.4894
2013-06-02,,,,1.2592,1.5677,1.1795,1.4731
2013-06-09,,,,1.2646,1.5806,1.1845,1.4795
2013-06-16,,,,1.2536,1.5651,1.1742,1.4723
2013-06-23,,,,1.2342,1.5337,1.156,1.4369
2013-06-30,,,,1.2432,1.5468,1.1645,1.4471
2013-07-07,,,,1.2582,1.5718,1.1785,1.4531
2013-07-14,,,,1.2837,1.6151,1.2024,1.4847
2013-07-21,,,,1.287,1.6311,1.2055,1.4988
2013-07-28,,,,1.2878,1.6305,1.2062,1.4951
2013-08-04,,,,1.298,1.6483,1.2158,1.5038
2013-08-11,,,,1.2875,1.6325,1.2059,1.4967
2013-08-18,,,,1.2633,1.5989,1.1833,1.4667
2013-08-25,,,,1.268,1.6065,1.1877,1.4709
2013-09-01,,,,1.2452,1.5779,1.1663,1.4566
2013-09-08,,,,1.2618,1.6009,1.1819,1.4632
2013-09-15,,,,1.2839,1.6327,1.2026,1.483
2013-09-22,,,,1.2995,1.6541,1.2172,1.5031
2013-09-29,,,,1.2914,1.6366,1.2096,1.4989
2013-10-06,,,,1.2888,1.6364,1.2072,1.4986
2013-10-13,,,,1.2885,1.6496,1.2069,1.5047
2013-10-20,,,,1.3184,1.6896,1.2349,1.5313
2013-10-27,,,,1.3268,1.7048,1.2428,1.5443
2013-11-03,,,,1.3236,1.7073,1.2398,1.5404
2013-11-10,,,,1.3247,1.7177,1.2408,1.5413
2013-11-17,,,,1.344,1.7445,1.2589,1.5602
2013-11-24,,,,1.3507,1.7519,1.2651,1.5631
2013-12-01,,,,1.3583,1.7537,1.2723,1.5642
2013-12-08,,,,1.355,1.7531,1.2692,1.5588
2013-12-15,,,,1.3331,1.7257,1.2486,1.5436
2013-12-22,,,,1.3636,1.7687,1.2773,1.5662
2013-12-29,,,,1.381,1.791,1.2935,1.5736
2014-01-05,,,,1.3697,1.7816,1.283,1.5692
2014-01-12,,,,1.3716,1.7938,1.2848,1.5821
2014-01-19,,,,1.3791,1.7889,1.2918,1.5814
2014-01-26,,,,1.3458,1.7427,1.2605,1.5598
2014-02-02,,,,1.3381,1.7357,1.2534,1.5596
2014-02-09,,,,1.3332,1.7504,1.2487,1.5674
2014-02-16,,,,1.3642,1.7926,1.2778,1.5896
2014-02-23,,,,1.3692,1.7914,1.2825,1.5893
2014-03-02,,,,1.378,1.8147,1.2907,1.6056
2014-03-09,,,,1.3809,1.8339,1.2935,1.61
2014-03-16,,,,1.3601,1.7989,1.2739,1.5977
2014-03-23,,,,1.3551,1.8219,1.2693,1.6052
2014-03-30,,,,1.3391,1.8149,1.2543,1.6022
2014-04-06,,,,1.34,1.8238,1.2551,1.6075
2014-04-13,,,,1.3211,1.776,1.2374,1.5867
2014-04-20,,,,1.3445,1.8237,1.2593,1.6086
2014-04-27,,,,1.3521,1.8228,1.2665,1.6099
2014-05-04,,,,1.3578,1.8401,1.2718,1.6234
2014-05-11,,,,1.3557,1.8391,1.2699,1.6238
2014-05-18,,,,1.3463,1.84,1.261,1.6287
2014-05-25,,,,1.3433,1.8625,1.2582,1.6419
2014-06-01,,,,1.3525,1.8853,1.2669,1.6568
2014-06-08,,,,1.3636,1.9117,1.2773,1.6655
2014-06-15,,,,1.354,1.8995,1.2682,1.6588
2014-06-22,,,,1.3775,1.9264,1.2902,1.6735
2014-06-29,,,,1.373,1.9252,1.286,1.6771
2014-07-06,,,,1.3702,1.9486,1.2834,1.6849
2014-07-13,,,,1.363,1.9329,1.2767,1.6829
2014-07-20,,,,1.3688,1.9438,1.2821,1.6902
2014-07-27,,,,1.3721,1.9439,1.2852,1.691
2014-08-03,,,,1.3411,1.8925,1.2561,1.6617
2014-08-10,,,,1.3281,1.8998,1.2439,1.6692
2014-08-17,,,,1.3485,1.9242,1.263,1.6873
2014-08-24,,,,1.355,1.9583,1.2692,1.7031
2014-08-31,,,,1.3584,1.9733,1.2724,1.7144
2014-09-07,,,,1.3616,1.9772,1.2753,1.7115
2014-09-14,,,,1.3396,1.9577,1.2547,1.694
2014-09-21,,,,1.3536,1.9824,1.2679,1.7089
2014-09-28,,,,1.3321,1.9547,1.2478,1.6962
2014-10-05,,,,1.3257,1.9411,1.2417,1.6932
2014-10-12,,,,1.3269,1.882,1.2429,1.6686
2014-10-19,,,,1.3246,1.8616,1.2407,1.6617
2014-10-26,,,,1.3389,1.9402,1.2541,1.7023
2014-11-02,,,,1.3544,1.9919,1.2686,1.7276
2014-11-09,,,,1.3654,2.0085,1.2789,1.7388
2014-11-16,,,,1.3682,2.0173,1.2816,1.7433
2014-11-23,,,,1.3789,2.0414,1.2916,1.7574
2014-11-30,,,,1.3988,2.0466,1.3102,1.766
2014-12-07,,,,1.3901,2.0545,1.3021,1.7649
2014-12-14,,,,1.3875,1.9843,1.2996,1.7374
2014-12-21,,,,1.3944,2.0511,1.3061,1.7697
2014-12-28,,,,1.3978,2.0702,1.3093,1.7763
2015-01-04,,,,1.3885,2.0403,1.3005,1.7665
2015-01-11,,,,1.414,2.0286,1.3244,1.7686
2015-01-18,,,,1.4309,2.0026,1.3403,1.7607
2015-01-25,,,,1.443,2.0357,1.3516,1.7801
2015-02-01,,,,1.4384,1.9809,1.3473,1.7575
2015-02-08,,,,1.4045,2.0415,1.3155,1.7762
2015-02-15,,,,1.4049,2.0835,1.316,1.7954
2015-02-22,,,,1.4126,2.098,1.3231,1.8
2015-03-01,,,,1.4085,2.0922,1.3193,1.803
2015-03-08,,,,1.3932,2.0609,1.305,1.7738
2015-03-15,,,,1.3874,2.0443,1.2995,1.771
2015-03-22,,,,1.4272,2.0991,1.3368,1.8118
2015-03-29,,,,1.3958,2.0525,1.3074,1.7849
2015-04-05,,,,1.3984,2.0595,1.3098,1.7916
2015-04-12,,,,1.4009,2.0954,1.3122,1.8094
2015-04-19,,,,1.3868,2.0745,1.299,1.8033
2015-04-26,,,,1.4125,2.1115,1.323,1.8217
2015-05-03,,,,1.3983,2.1022,1.3097,1.8064
2015-05-10,,,,1.3994,2.1112,1.3108,1.811
2015-05-17,,,,1.4051,2.1193,1.3161,1.8156
2015-05-24,,,,1.4046,2.1248,1.3157,1.8157
2015-05-31,,,,1.3941,2.1064,1.3058,1.8115
2015-06-07,,,,1.3909,2.0927,1.3028,1.7883
2015-06-14,,,,1.3914,2.0951,1.3033,1.7906
2015-06-21,,,,1.4057,2.1133,1.3167,1.8081
2015-06-28,,,,1.4049,2.1034,1.3159,1.7917
2015-07-05,,,,1.3777,2.0782,1.2905,1.7839
2015-07-12,,,,1.3808,2.0799,1.2933,1.7846
2015-07-19,,,,1.4101,2.1301,1.3208,1.8131
2015-07-26,,,,1.3884,2.0851,1.3004,1.7952
2015-08-02,,,,1.4026,2.1102,1.3137,1.8124
2015-08-09,,,,1.3878,2.0846,1.2999,1.8004
2015-08-16,,,,1.3872,2.0994,1.2994,1.8068
2015-08-23,,,,1.3749,1.9832,1.2878,1.7569
2015-08-30,,,,1.3349,1.9977,1.2503,1.7567
2015-09-06,,,,1.3371,1.9307,1.2524,1.7266
2015-09-13,,,,1.3246,1.9723,1.2407,1.7451
2015-09-20,,,,1.3229,1.9695,1.2391,1.7479
2015-09-27,,,,1.3173,1.9433,1.2339,1.7323
2015-10-04,,,,1.3346,1.965,1.2501,1.7545
2015-10-11,,,,1.3335,2.0288,1.2491,1.7811
2015-10-18,,,,1.3383,2.0483,1.2535,1.7952
2015-10-25,,,,1.3384,2.091,1.2536,1.8132
2015-11-01,,,,1.3315,2.0953,1.2472,1.8122
2015-11-08,,,,1.3319,2.1165,1.2476,1.8128
2015-11-15,,,,1.3049,2.041,1.2222,1.7771
2015-11-22,,,,1.3263,2.1092,1.2423,1.813
2015-11-29,,,,1.3252,2.1117,1.2413,1.8172
2015-12-06,,,,1.317,2.1123,1.2336,1.8145
2015-12-13,,,,1.2982,2.0343,1.2159,1.7828
2015-12-20,,,,1.2835,2.0276,1.2022,1.7758
2015-12-27,,,,1.2931,2.0849,1.2112,1.8031
2016-01-03,,,,1.2892,2.0666,1.2075,1.791
2016-01-10,,,,1.277,1.9455,1.1961,1.7399
2016-01-17,,,,1.2843,1.9038,1.2029,1.7245
2016-01-24,,,,1.2858,1.9313,1.2043,1.7377
2016-01-31,,,,1.3059,1.9637,1.2232,1.7629
2016-02-07,,,,1.3243,1.9052,1.2405,1.7385
2016-02-14,,,,1.3432,1.8918,1.2581,1.7398
2016-02-21,,,,1.347,1.9463,1.2617,1.7696
2016-02-28,,,,1.3457,1.9776,1.2604,1.7865
2016-03-06,,,,1.352,2.0317,1.2663,1.8098
2016-03-13,,,,1.3587,2.0553,1.2727,1.8185
2016-03-20,,,,1.3706,2.0824,1.2838,1.8395
2016-03-27,,,,1.3567,2.0696,1.2708,1.8314
2016-04-03,,,,1.3741,2.1083,1.287,1.8599
2016-04-10,,,,1.3691,2.0837,1.2824,1.8507
2016-04-17,,,,1.3616,2.1171,1.2753,1.8674
2016-04-24,,,,1.3485,2.1292,1.263,1.867
2016-05-01,,,,1.349,2.1023,1.2635,1.8557
2016-05-08,,,,1.3396,2.0961,1.2548,1.8558
2016-05-15,,,,1.3193,2.0863,1.2358,1.8533
2016-05-22,,,,1.2906,2.0938,1.2089,1.8496
2016-05-29,,,,1.2967,2.1422,1.2146,1.8764
2016-06-05,,,,1.3133,2.1426,1.2301,1.8857
2016-06-12,,,,1.3193,2.1404,1.2358,1.888
2016-06-19,,,,1.3172,2.1152,1.2338,1.8756
2016-06-26,,,,1.3031,2.0816,1.2206,1.8599
2016-07-03,,,,1.3365,2.15,1.2518,1.9045
2016-07-10,,,,1.343,2.178,1.2579,1.9246
2016-07-17,,,,1.3219,2.2105,1.2382,1.931
2016-07-24,,,,1.3276,2.225,1.2435,1.9403
2016-07-31,,,,1.3141,2.2238,1.2309,1.9455
2016-08-07,,,,1.3125,2.2346,1.2294,1.9452
2016-08-14,,,,1.3132,2.2375,1.23,1.9499
2016-08-21,,,,1.3111,2.2383,1.228,1.9471
2016-08-28,,,,1.3062,2.2255,1.2234,1.9374
2016-09-04,,,,1.3116,2.2366,1.2285,1.9448
2016-09-11,,,,1.2857,2.1844,1.2043,1.9126
2016-09-18,,,,1.2916,2.1964,1.2098,1.9199
2016-09-25,,,,1.3024,2.2234,1.2199,1.9383
2016-10-02,,,,1.3,2.2266,1.2177,1.9416
2016-10-09,,,,1.2972,2.2136,1.2151,1.9276
2016-10-16,,,,1.2835,2.1938,1.2022,1.9139
2016-10-23,,,,1.2908,2.2027,1.209,1.9221
2016-10-30,,,,1.281,2.1878,1.1998,1.909
2016-11-06,,,,1.2508,2.1468,1.1716,1.8905
2016-11-13,,,,1.2681,2.2278,1.1878,1.9144
2016-11-20,,,,1.2781,2.2492,1.1972,1.9155
2016-11-27,,,,1.296,2.2803,1.214,1.9295
2016-12-04,,,,1.2882,2.2613,1.2066,1.9194
2016-12-11,,,,1.3245,2.3317,1.2406,1.9513
2016-12-18,,,,1.3097,2.3302,1.2267,1.9437
2016-12-25,,,,1.3144,2.3371,1.2312,1.9507
2017-01-01,,,,1.3005,2.3145,1.2182,1.9453
2017-01-08,,,,1.3174,2.3526,1.234,1.9669
2017-01-15,,,,1.318,2.351,1.2346,1.9682
2017-01-22,,,,1.313,2.3478,1.2299,1.9624
2017-01-29,,,,1.3373,2.3709,1.2526,1.9736
2017-02-05,,,,1.3278,2.3747,1.2437,1.9773
2017-02-12,,,,1.3416,2.3972,1.2566,1.9919
2017-02-19,,,,1.3673,2.4342,1.2807,2.0107
2017-02-26,,,,1.3728,2.4513,1.2859,2.0259
2017-03-05,,,,1.3841,2.4687,1.2965,2.025
2017-03-12,,,,1.3811,2.4612,1.2936,2.0169
2017-03-19,,,,1.3856,2.465,1.2978,2.0243
2017-03-26,,,,1.3693,2.432,1.2826,2.0127
2017-04-02,,,,1.3814,2.4516,1.2939,2.0236
2017-04-09,,,,1.373,2.446,1.286,2.022
2017-04-16,,,,1.3587,2.418,1.2726,2.0172
2017-04-23,,,,1.3727,2.4396,1.2858,2.0281
2017-04-30,,,,1.3984,2.4759,1.3098,2.0445
2017-05-07,,,,1.4088,2.4928,1.3195,2.0499
2017-05-14,,,,1.4108,2.4853,1.3215,2.0475
2017-05-21,,,,1.3987,2.4783,1.3102,2.0502
2017-05-28,,,,1.4229,2.5137,1.3328,2.068
2017-06-04,,,,1.4453,2.5393,1.3537,2.0865
2017-06-11,,,,1.423,2.5314,1.3328,2.0802
2017-06-18,,,,1.425,2.5356,1.3348,2.0857
2017-06-25,,,,1.4266,2.5408,1.3362,2.0889
2017-07-02,,,,1.4105,2.5269,1.3212,2.0732
2017-07-09,,,,1.4102,2.5301,1.3208,2.0699
2017-07-16,,,,1.4446,2.5662,1.3532,2.093
2017-07-23,,,,1.4513,2.58,1.3593,2.1055
2017-07-30,,,,1.4443,2.5803,1.3528,2.1033
2017-08-06,,,,1.4472,2.5855,1.3556,2.108
2017-08-13,,,,1.4266,2.5511,1.3362,2.0948
2017-08-20,,,,1.4237,2.5364,1.3335,2.0874
2017-08-27,,,,1.4387,2.5557,1.3476,2.0991
2017-09-03,,,,1.4306,2.59,1.34,2.1175
2017-09-10,,,,1.425,2.5768,1.3348,2.1172
2017-09-17,,,,1.4121,2.617,1.3227,2.1309
2017-09-24,,,,1.4124,2.6196,1.3229,2.1272
2017-10-01,,,,1.4172,2.6384,1.3274,2.1334
2017-10-08,,,,1.4334,2.6714,1.3426,2.1486
2017-10-15,,,,1.4424,2.6775,1.351,2.1572
2017-10-22,,,,1.4518,2.7002,1.3598,2.1628
2017-10-29,,,,1.4538,2.7065,1.3617,2.1647
2017-11-05,,,,1.46,2.7143,1.3675,2.1737
2017-11-12,,,,1.4555,2.7105,1.3633,2.1678
2017-11-19,,,,1.4491,2.7081,1.3574,2.1691
2017-11-26,,,,1.4627,2.7343,1.3701,2.1833
2017-12-03,,,,1.4622,2.7774,1.3696,2.2041
2017-12-10,,,,1.4657,2.7884,1.3729,2.2096
2017-12-17,,,,1.4755,2.8132,1.3821,2.2238
2017-12-24,,,,1.4854,2.8238,1.3913,2.2211
2017-12-31,,,,1.4825,2.8169,1.3886,2.2223
2018-01-07,,,,1.5297,2.8862,1.4328,2.2516
2018-01-14,,,,1.5604,2.9337,1.4616,2.2693
2018-01-21,,,,1.5671,2.9599,1.4678,2.2752
2018-01-28,,,,1.597,3.0251,1.4958,2.3059
2018-02-04,,,,1.5413,2.9076,1.4437,2.2386
2018-02-11,,,,1.4154,2.7603,1.3255,2.1687
2018-02-18,,,,1.4574,2.8829,1.366,2.2251
2018-02-25,,,,1.4622,2.8998,1.3704,2.2341
2018-03-04,,,,1.4425,2.8404,1.3519,2.2068
2018-03-11,,,,1.4722,2.9437,1.3798,2.2545
2018-03-18,,,,1.4614,2.906,1.3697,2.2404
2018-03-25,,,,1.431,2.7348,1.3412,2.162
2018-04-01,,,,1.4083,2.7889,1.319,2.1918
2018-04-08,,,,1.3916,2.7525,1.3023,2.1737
2018-04-15,,,,1.4108,2.8101,1.3225,2.1982
2018-04-22,,,,1.4081,2.8256,1.32,2.197
2018-04-29,,,,1.4024,2.825,1.3145,2.1969
2018-05-06,,,,1.4031,2.8193,1.3156,2.1962
2018-05-13,,,,1.4195,2.8917,1.3328,2.2286
2018-05-20,,,,1.4271,2.8756,1.3399,2.2154
2018-05-27,,,,1.421,2.8843,1.335,2.2292
2018-06-03,,,,1.4282,2.8996,1.3428,2.2385
2018-06-10,,,,1.4366,2.9483,1.3505,2.2597
2018-06-17,,,,1.4355,2.9502,1.3495,2.2616
2018-06-24,,,,1.4309,2.9248,1.3452,2.2519
2018-07-01,,,,1.4146,2.888,1.3305,2.2378
2018-07-08,,,,1.4311,2.932,1.3468,2.2612
2018-07-15,,,,1.4263,2.9764,1.3431,2.2823
2018-07-22,,,,1.4191,2.9774,1.3359,2.2794
2018-07-29,,,,1.4048,2.9959,1.3218,2.2844
2018-08-05,,,,1.4145,3.0191,1.3312,2.2967
2018-08-12,,,,1.4113,3.0144,1.3281,2.3
2018-08-19,,,,1.419,3.0347,1.3354,2.3107
2018-08-26,,,,1.4204,3.0607,1.3367,2.3264
2018-09-02,,,,1.4316,3.0905,1.3472,2.3381
2018-09-09,,,,1.4189,3.0617,1.3353,2.3202
2018-09-16,,,,1.4303,3.0966,1.346,2.3335
2018-09-23,,,,1.4312,3.1225,1.3468,2.3413
2018-09-30,,,,1.4334,3.1089,1.3489,2.3363
2018-10-07,,,,1.4113,3.0779,1.3281,2.311
2018-10-14,,,,1.3509,2.951,1.2713,2.2556
2018-10-21,,,,1.3733,2.9542,1.2924,2.2556
2018-10-28,,,,1.327,2.8374,1.2488,2.209
2018-11-04,,,,1.329,2.9076,1.2507,2.2341
2018-11-11,,,,1.3638,2.9703,1.2834,2.2656
2018-11-18,,,,1.3573,2.9272,1.2773,2.2535
2018-11-25,,,,1.341,2.8152,1.2619,2.2018
2018-12-02,,,,1.3715,2.9478,1.2907,2.2687
2018-12-09,,,,1.3595,2.8186,1.2794,2.2181
2018-12-16,,,,1.3494,2.7854,1.2698,2.2002
2018-12-23,,,,1.354,2.589,1.2742,2.1145
2018-12-30,,,,1.36,2.6649,1.2799,2.1556
2019-01-06,,,,1.3682,2.7148,1.2876,2.1843
2019-01-13,,,,1.363,2.7857,1.2826,2.2159
2019-01-20,,,,1.355,2.8661,1.2751,2.2478
2019-01-27,,,,1.3636,2.8588,1.2832,2.2477
2019-02-03,,,,1.3778,2.9048,1.2966,2.2738
2019-02-10,,,,1.3873,2.9093,1.3055,2.2802
2019-02-17,,,,1.3887,2.9835,1.3069,2.314
2019-02-24,,,,1.3929,3.0025,1.3108,2.3244
2019-03-03,,,,1.3737,3.0163,1.2927,2.3238
2019-03-10,,,,1.3797,2.9522,1.2984,2.3034
2019-03-17,,,,1.3903,3.0392,1.3083,2.3477
2019-03-24,,,,1.3899,3.0169,1.308,2.348
2019-03-31,,,,1.398,3.0518,1.3156,2.3674
2019-04-07,,,,1.3899,3.1176,1.308,2.3923
2019-04-14,,,,1.3878,3.1348,1.306,2.3965
2019-04-21,,,,1.3841,3.1333,1.3025,2.3962
2019-04-28,,,,1.3872,3.1699,1.3054,2.4187
2019-05-05,,,,1.3846,3.1766,1.303,2.42
2019-05-12,,,,1.3598,3.1125,1.2797,2.3951
2019-05-19,,,,1.3559,3.0881,1.276,2.3888
2019-05-26,,,,1.3656,3.0551,1.2851,2.3787
2019-06-02,,,,1.3694,2.9739,1.2887,2.3535
2019-06-09,,,,1.3877,3.1077,1.3059,2.4216
2019-06-16,,,,1.3886,3.1251,1.3067,2.4306
2019-06-23,,,,1.3952,3.1917,1.3129,2.4642
2019-06-30,,,,1.3945,3.1809,1.3123,2.4632
2019-07-07,,,,1.4015,3.2401,1.3189,2.4892
2019-07-14,,,,1.4064,3.2639,1.3235,2.4958
2019-07-21,,,,1.3984,3.2261,1.316,2.4828
2019-07-28,,,,1.4037,3.2787,1.321,2.5062
2019-08-04,,,,1.396,3.1767,1.3138,2.4744
2019-08-11,,,,1.4187,3.1659,1.3351,2.4778
2019-08-18,,,,1.4418,3.1358,1.3569,2.4764
2019-08-25,,,,1.444,3.0924,1.3589,2.4573
2019-09-01,,,,1.4541,3.1749,1.3684,2.4984
2019-09-08,,,,1.452,3.2357,1.3664,2.5236
2019-09-15,,,,1.4228,3.2687,1.339,2.514
2019-09-22,,,,1.4295,3.2531,1.3453,2.5197
2019-09-29,,,,1.4311,3.2217,1.3467,2.5081
2019-10-06,,,,1.4364,3.2103,1.3517,2.5166
2019-10-13,,,,1.4098,3.2313,1.3267,2.5099
2019-10-20,,,,1.4155,3.2498,1.3321,2.5191
2019-10-27,,,,1.4149,3.2894,1.3315,2.5347
2019-11-03,,,,1.4171,3.3389,1.3336,2.5644
2019-11-10,,,,1.4041,3.3694,1.3214,2.5624
2019-11-17,,,,1.4089,3.4005,1.3258,2.5854
2019-11-24,,,,1.4054,3.3914,1.3226,2.5855
2019-12-01,,,,1.4216,3.428,1.3379,2.6018
2019-12-08,,,,1.4245,3.4341,1.3406,2.6009
2019-12-15,,,,1.4365,3.4608,1.3518,2.6152
2019-12-22,,,,1.4559,3.5152,1.3701,2.6347
2019-12-29,,,,1.4634,3.5385,1.3771,2.6493
2020-01-05,,,,1.4593,3.5336,1.3733,2.6538
2020-01-12,,,,1.4731,3.5698,1.3863,2.6691
2020-01-19,,,,1.5056,3.6382,1.4169,2.7019
2020-01-26,,,,1.497,3.6033,1.4087,2.6954
2020-02-02,,,,1.473,3.5262,1.3861,2.6728
2020-02-09,,,,1.4913,3.6409,1.4034,2.7218
2020-02-16,,,,1.5164,3.7001,1.427,2.7502
2020-02-23,,,,1.4983,3.6549,1.4099,2.7371
2020-03-01,,,,1.4379,3.247,1.3531,2.57
2020-03-08,,,,1.4923,3.2602,1.4044,2.6051
2020-03-15,,,,1.3974,2.9517,1.3151,2.432
2020-03-22,,,,1.4208,2.5224,1.3371,2.2399
2020-03-29,,,,1.4494,2.7938,1.3639,2.3968
2020-04-05,,,,1.4535,2.7362,1.3678,2.3749
2020-04-12,,,,1.4587,3.067,1.3727,2.5415
2020-04-19,,,,1.4771,3.16,1.39,2.5965
2020-04-26,,,,1.487,3.1196,1.3994,2.5782
2020-05-03,,,,1.4748,3.1176,1.3879,2.5749
2020-05-10,,,,1.4801,3.224,1.3928,2.6295
2020-05-17,,,,1.4854,3.1561,1.3978,2.597
2020-05-24,,,,1.487,3.2571,1.3994,2.6496
2020-05-31,,,,1.4879,3.355,1.4002,2.6995
2020-06-07,,,,1.4833,3.5205,1.3958,2.7619
2020-06-14,,,,1.4782,3.3537,1.3911,2.6951
2020-06-21,,,,1.4873,3.4176,1.3997,2.7275
2020-06-28,,,,1.4901,3.3224,1.4023,2.685
2020-07-05,,,,1.5019,3.4573,1.4134,2.7493
2020-07-12,,,,1.5227,3.5167,1.4329,2.7796
2020-07-19,,,,1.5178,3.5624,1.4283,2.803
2020-07-26,,,,1.5407,3.5531,1.4499,2.8013
2020-08-02,,,,1.5659,3.6155,1.4736,2.8356
2020-08-09,,,,1.5825,3.7047,1.4893,2.8774
2020-08-16,,,,1.5598,3.7298,1.4678,2.8799
2020-08-23,,,,1.5814,3.759,1.4882,2.9002
2020-08-30,,,,1.6058,3.882,1.5112,2.9534
2020-09-06,,,,1.577,3.7933,1.4841,2.9119
2020-09-13,,,,1.5645,3.699,1.4723,2.8709
2020-09-20,,,,1.5652,3.6759,1.473,2.8569
2020-09-27,,,,1.5447,3.6546,1.4536,2.8499
2020-10-04,,,,1.5542,3.7114,1.4626,2.8747
2020-10-11,,,,1.5936,3.856,1.4997,2.939
2020-10-18,,,,1.5883,3.8609,1.4947,2.9435
2020-10-25,,,,1.5893,3.8441,1.4956,2.9276
2020-11-01,,,,1.524,3.6302,1.4342,2.821
2020-11-08,,,,1.5776,3.8928,1.4847,2.953
2020-11-15,,,,1.5896,3.9811,1.4959,2.9913
2020-11-22,,,,1.606,3.9503,1.5113,2.9809
2020-11-29,,,,1.6247,4.043,1.5289,3.0257
2020-12-06,,,,1.637,4.1117,1.5405,3.0473
2020-12-13,,,,1.6367,4.0723,1.5402,3.0381
2020-12-20,,,,1.6575,4.1218,1.5598,3.0554
2020-12-27,,,,1.6475,4.1198,1.5504,3.0565
2021-01-03,1.097,1.1466,1.2225,1.6571,4.1742,1.5594,3.0824
2021-01-10,1.1949,1.3207,1.4711,1.7018,4.2566,1.6015,3.1019
2021-01-17,1.1828,1.2428,1.4483,1.6977,4.1946,1.5977,3.0763
2021-01-24,1.1759,1.11,1.4374,1.6969,4.2747,1.5969,3.1134
2021-01-31,1.192,1.1425,1.5294,1.6517,4.1317,1.5544,3.0501
2021-02-07,1.3911,1.3439,1.8413,1.708,4.3286,1.6073,3.1307
2021-02-14,1.5557,1.6825,2.0418,1.737,4.3837,1.6346,3.1549
2021-02-21,1.8489,1.9812,2.6552,1.7317,4.3545,1.6296,3.1292
2021-02-28,1.7358,1.5629,2.5009,1.7108,4.2466,1.61,3.073
2021-03-07,1.7658,1.7602,2.5482,1.7494,4.2831,1.6463,3.0765
2021-03-14,1.8725,2.0641,2.7467,1.7801,4.3995,1.6752,3.123
2021-03-21,1.9117,1.9794,2.8208,1.7417,4.3627,1.639,3.0979
2021-03-28,1.8856,1.9196,2.6974,1.7451,4.4355,1.6422,3.1361
2021-04-04,1.9655,2.0054,2.7452,1.7478,4.4873,1.6448,3.1577
2021-04-11,2.0669,2.065,3.01,1.7554,4.6092,1.6519,3.2147
2021-04-18,2.2131,1.9429,3.4613,1.769,4.6738,1.6647,3.2505
2021-04-25,2.1415,1.6865,3.3903,1.7646,4.668,1.6606,3.2502
2021-05-02,2.2213,1.9493,3.5922,1.7773,4.6743,1.6725,3.2477
2021-05-09,2.36,2.0084,3.8652,1.8141,4.7283,1.7072,3.2777
2021-05-16,2.2587,1.5857,3.6744,1.8065,4.6662,1.7,3.2465
2021-05-23,2.2587,1.1982,3.6744,1.7877,4.6478,1.6823,3.2389
2021-05-30,2.2587,1.2284,3.6744,1.7919,4.705,1.6863,3.2663
2021-06-06,2.2587,1.2308,3.6744,1.8045,4.7336,1.6982,3.2837
2021-06-13,2.2587,1.3412,3.6744,1.7989,4.7528,1.6928,3.3008
2021-06-20,2.2587,1.2266,3.6744,1.7379,4.6628,1.6355,3.2599
2021-06-27,2.2587,1.1889,3.6744,1.7748,4.7942,1.6702,3.312
2021-07-04,2.2587,1.2182,3.6744,1.7926,4.8741,1.6869,3.3573
2021-07-11,2.2587,1.1804,3.6744,1.7947,4.8943,1.689,3.373
2021-07-18,2.2587,1.0925,3.6744,1.7869,4.8473,1.6816,3.3576
2021-07-25,2.2587,1.2101,3.6744,1.8109,4.944,1.7041,3.4035
2021-08-01,2.3157,1.3772,3.7559,1.8019,4.9279,1.6957,3.4029
2021-08-08,2.3931,1.5151,3.8625,1.8145,4.9726,1.7075,3.4143
2021-08-15,2.5924,1.622,4.3268,1.8208,5.0112,1.7135,3.4327
2021-08-22,2.6418,1.7009,4.4975,1.828,4.9824,1.7203,3.4242
2021-08-29,2.6572,1.6866,4.7351,1.8333,5.0598,1.7252,3.4518
2021-09-05,2.8195,1.783,5.1881,1.8631,5.0917,1.7533,3.464
2021-09-12,2.6706,1.5912,5.0201,1.8212,5.0058,1.7138,3.4265
2021-09-19,2.5245,1.627,4.6919,1.8136,4.9763,1.7067,3.4105
2021-09-26,2.3743,1.4861,4.2455,1.7925,5.0046,1.6869,3.4131
2021-10-03,2.4211,1.6609,4.3448,1.7514,4.8956,1.6482,3.3679
2021-10-10,2.343,1.8848,4.1679,1.7738,4.9364,1.6693,3.3709
2021-10-17,2.4049,2.1177,4.194,1.7981,5.0267,1.6921,3.4101
2021-10-24,2.4672,2.0972,4.3223,1.8126,5.1084,1.7057,3.4364
2021-10-31,2.4588,2.1167,4.358,1.8293,5.1775,1.7215,3.4728
2021-11-07,2.5505,2.1722,4.6282,1.8666,5.2821,1.7566,3.5295
2021-11-14,2.4877,2.2407,4.5337,1.8514,5.2679,1.7423,3.5109
2021-11-21,2.458,2.034,4.6813,1.8731,5.2862,1.7627,3.5212
2021-11-28,2.3481,1.9725,4.3026,1.8244,5.1744,1.7169,3.481
2021-12-05,2.3664,1.6996,4.4442,1.8036,5.1118,1.6973,3.4678
2021-12-12,2.3664,1.7275,4.4442,1.8332,5.3071,1.7251,3.5364
2021-12-19,2.3664,1.6152,4.4442,1.8206,5.2027,1.7133,3.5025
2021-12-26,2.3863,1.7503,4.4227,1.8361,5.3241,1.7278,3.5445
2022-01-02,2.2909,1.6316,4.1868,1.8724,5.3734,1.7621,3.5611
2022-01-09,2.2909,1.4432,4.1868,1.831,5.2731,1.723,3.4933
2022-01-16,2.2909,1.4874,4.1868,1.8229,5.2576,1.7154,3.485
2022-01-23,2.2909,1.2497,4.1868,1.7929,4.9551,1.6872,3.3638
2022-01-30,2.2909,1.3088,4.1868,1.7889,5.0,1.6834,3.3786
2022-02-06,2.2909,1.4595,4.1868,1.8089,5.0764,1.7023,3.3954
2022-02-13,2.2234,1.4539,3.915,1.819,4.9831,1.7118,3.3562
2022-02-20,2.2183,1.3283,3.879,1.8231,4.9126,1.7156,3.3281
2022-02-27,2.2183,1.2978,3.879,1.8121,4.9525,1.7053,3.3403
2022-03-06,2.1748,1.3231,3.7808,1.904,4.8893,1.7918,3.3405
2022-03-13,2.1813,1.3027,3.7912,1.8793,4.7525,1.7685,3.2554
2022-03-20,2.1697,1.4228,3.7345,1.8696,5.0447,1.7594,3.3585
2022-03-27,2.2242,1.6117,3.9193,1.9289,5.1374,1.8152,3.3618
2022-04-03,2.2591,1.6001,4.0678,1.9367,5.14,1.8225,3.3709
2022-04-10,2.1041,1.4563,3.5467,1.9564,5.0793,1.8411,3.3166
2022-04-17,2.0578,1.3681,3.4507,1.9508,4.9683,1.8358,3.2625
2022-04-24,2.0578,1.3614,3.4507,1.919,4.835,1.8059,3.1992
2022-05-01,2.0578,1.3251,3.4507,1.8827,4.6756,1.7717,3.1343
2022-05-08,2.0578,1.1735,3.4507,1.9082,4.6681,1.7957,3.1125
2022-05-15,2.0578,1.0744,3.4507,1.8897,4.559,1.7783,3.0853
2022-05-22,2.0578,1.0451,3.4507,1.8645,4.4218,1.7546,3.0431
2022-05-29,2.0578,1.014,3.4507,1.9165,4.7126,1.8036,3.1698
2022-06-05,2.0578,1.0308,3.4507,1.909,4.6591,1.7965,3.1275
2022-06-12,2.0578,0.9245,3.4507,1.8854,4.4237,1.7743,3.0089
2022-06-19,2.0578,0.7061,3.4507,1.7995,4.1699,1.6935,2.898
2022-06-26,2.0578,0.7259,3.4507,1.7712,4.446,1.6668,3.023
2022-07-03,2.0578,0.6642,3.4507,1.7474,4.3452,1.6444,3.0079
2022-07-10,2.0578,0.7178,3.4507,1.7474,4.4299,1.6444,3.0222
2022-07-17,2.0578,0.7176,3.4507,1.7474,4.3896,1.6444,3.0204
2022-07-24,2.0282,0.7805,3.3195,1.7254,4.5031,1.6227,3.0845
2022-07-31,2.0476,0.8048,3.3638,1.7599,4.6957,1.657,3.1752
2022-08-07,2.019,0.7978,3.2719,1.7533,4.7126,1.6511,3.1656
2022-08-14,2.0306,0.8378,3.2382,1.7791,4.8679,1.676,3.2306
2022-08-21,1.9575,0.7427,2.9922,1.7692,4.8114,1.6663,3.1934
2022-08-28,1.9575,0.6779,2.9922,1.7475,4.6196,1.6457,3.1082
2022-09-04,1.9575,0.6878,2.9922,1.7288,4.4706,1.6274,3.0318
2022-09-11,1.9575,0.7488,2.9922,1.7397,4.6343,1.6384,3.0895
2022-09-18,1.8974,0.6694,2.892,1.7058,4.4125,1.6047,2.9861
2022-09-25,1.8974,0.6475,2.892,1.6824,4.211,1.5796,2.8809
2022-10-02,1.8974,0.6552,2.892,1.6821,4.0877,1.5793,2.8203
2022-10-09,1.9099,0.6694,2.9107,1.7148,4.1519,1.6156,2.8399
2022-10-16,1.9099,0.6637,2.9107,1.7046,4.0929,1.6051,2.8044
2022-10-23,1.9099,0.6741,2.9107,1.7383,4.2835,1.6413,2.8696
2022-10-30,2.1889,0.7104,3.4796,1.7688,4.4521,1.6702,2.9592
2022-11-06,2.3322,0.7217,3.8538,1.783,4.3071,1.6836,2.885
2022-11-13,2.155,0.5623,3.4388,1.8077,4.5607,1.7069,3.0195
2022-11-20,2.155,0.5598,3.4388,1.8035,4.5324,1.703,3.0101
2022-11-27,2.155,0.5663,3.4388,1.8154,4.6045,1.7142,3.0514
2022-12-04,2.155,0.5899,3.4388,1.8201,4.6569,1.7186,3.094
2022-12-11,2.155,0.589,3.4388,1.8002,4.5009,1.6998,3.0198
2022-12-18,2.155,0.578,3.4388,1.7836,4.4065,1.6842,2.9921
2022-12-25,2.155,0.5797,3.4388,1.7979,4.4023,1.6977,2.9683
2023-01-01,2.155,0.5722,3.4388,1.7851,4.3968,1.6856,2.9545
2023-01-08,2.1728,0.5878,3.4725,1.8117,4.4618,1.7107,3.0122
2023-01-15,2.3379,0.7193,3.9417,1.8419,4.5816,1.7392,3.0689
2023-01-22,2.3466,0.7827,3.8607,1.836,4.5514,1.7337,3.0586
2023-01-29,2.3719,0.8192,4.0488,1.8416,4.6641,1.7389,3.1033
2023-02-05,2.3624,0.791,3.9657,1.8206,4.7408,1.7191,3.1325
2023-02-12,2.2624,0.7502,3.8424,1.8028,4.6912,1.7023,3.0925
2023-02-19,2.4662,0.8396,4.2275,1.801,4.6823,1.7006,3.0822
2023-02-26,2.3584,0.8112,3.964,1.765,4.5572,1.6666,3.0176
2023-03-05,2.242,0.7725,3.6998,1.8063,4.647,1.7056,3.0552
2023-03-12,2.1154,0.7603,3.4198,1.7515,4.4368,1.6539,2.9943
2023-03-19,2.2917,0.9711,3.7158,1.758,4.5008,1.66,3.0438
2023-03-26,2.259,0.9665,3.643,1.7713,4.5673,1.6725,3.0787
2023-04-02,2.2207,0.9703,3.6039,1.8054,4.7247,1.7047,3.1345
2023-04-09,2.1806,0.9771,3.652,1.8034,4.7224,1.7028,3.1522
2023-04-16,2.3198,1.0445,3.9613,1.809,4.7602,1.7082,3.149
2023-04-23,2.1175,0.9511,3.5427,1.8123,4.7572,1.7113,3.1436
2023-04-30,2.1131,1.0117,3.5784,1.8126,4.8002,1.7115,3.1753
2023-05-07,2.0901,0.991,3.5232,1.81,4.7621,1.7091,3.1619
2023-05-14,2.0361,0.9275,3.4372,1.803,4.7501,1.7025,3.1543
2023-05-21,2.0929,0.9226,3.5096,1.8098,4.8312,1.7089,3.1657
2023-05-28,2.1174,0.9681,3.5904,1.8223,4.8474,1.7207,3.164
2023-06-04,2.0888,0.9358,3.4494,1.8404,4.9386,1.7378,3.2091
2023-06-11,1.9727,0.8926,3.2795,1.8552,4.9614,1.7518,3.2139
2023-06-18,1.9727,0.908,3.2795,1.8936,5.0906,1.788,3.2664
2023-06-25,2.0536,1.0498,3.3827,1.8699,5.0182,1.7656,3.2393
2023-07-02,2.1426,1.0541,3.5193,1.8994,5.1349,1.7936,3.2814
2023-07-09,2.0858,1.0393,3.4524,1.8854,5.0801,1.7803,3.2373
2023-07-16,2.1203,1.0423,3.4512,1.9211,5.2044,1.814,3.312
2023-07-23,2.1301,1.036,3.3985,1.9179,5.2379,1.811,3.3247
2023-07-30,2.0721,1.0083,3.3186,1.9341,5.2929,1.8263,3.3343
2023-08-06,1.9819,1.0009,3.1658,1.8988,5.1757,1.793,3.2852
2023-08-13,1.9858,1.0091,3.1656,1.8868,5.1623,1.7816,3.2673
2023-08-20,1.8722,0.9019,2.9847,1.8503,5.0563,1.7471,3.2197
2023-08-27,1.8722,0.8988,2.9847,1.8509,5.0965,1.7477,3.2362
2023-09-03,1.8434,0.8946,2.9503,1.8912,5.2265,1.7858,3.293
2023-09-10,1.8434,0.89,2.9503,1.8782,5.1608,1.7735,3.2615
2023-09-17,1.8434,0.9132,2.9503,1.8707,5.154,1.7664,3.2531
2023-09-24,1.8395,0.9057,2.946,1.8227,5.0035,1.7211,3.1868
2023-10-01,1.8897,0.963,2.9775,1.8153,4.9693,1.7141,3.162
2023-10-08,1.8426,0.9626,2.9069,1.7535,4.9932,1.6557,3.1533
2023-10-15,1.8007,0.9348,2.8627,1.7679,5.016,1.6693,3.1782
2023-10-22,1.9275,1.0331,2.9757,1.7572,4.8962,1.6592,3.108
2023-10-29,2.0804,1.1913,3.0465,1.733,4.774,1.637,3.0699
2023-11-05,2.1866,1.2096,3.3554,1.7343,5.0531,1.6386,3.2013
2023-11-12,2.4617,1.2767,4.2003,1.7356,5.1219,1.6398,3.2212
2023-11-19,2.3989,1.2901,4.2291,1.7628,5.2403,1.6664,3.2851
2023-11-26,2.3823,1.2915,4.0093,1.7735,5.2927,1.6769,3.3014
2023-12-03,2.4474,1.3775,4.1962,1.7894,5.3369,1.6923,3.3464
2023-12-10,2.9526,1.5068,5.1459,1.7935,5.3497,1.6957,3.3501
2023-12-17,2.8681,1.4275,5.0114,1.8347,5.4779,1.7356,3.4314
2023-12-24,3.1477,1.485,6.1673,1.8442,5.5283,1.7448,3.4534
2023-12-31,3.0131,1.4546,5.7311,1.8509,5.5477,1.7513,3.4636
2024-01-07,2.7703,1.5107,5.0914,1.8205,5.4614,1.7186,3.4159
2024-01-14,2.8506,1.4433,5.207,1.8331,5.5637,1.7337,3.4674
2024-01-21,2.7812,1.4312,4.9396,1.8551,5.6308,1.7587,3.4749
2024-01-28,2.7696,1.4466,5.0549,1.869,5.6889,1.7744,3.4973
2024-02-04,2.8574,1.467,5.0491,1.8904,5.7699,1.7951,3.5398
2024-02-11,3.0059,1.6608,5.3281,1.9165,5.8499,1.8203,3.5552
2024-02-18,3.0889,1.7968,5.4491,1.9123,5.8302,1.8169,3.5372
2024-02-25,3.0149,1.783,5.1729,1.9427,5.9275,1.846,3.5784
2024-03-03,3.349,2.1704,5.6215,1.9516,5.9859,1.8545,3.6092
2024-03-10,3.521,2.3734,5.8197,1.9574,5.9727,1.8602,3.6159
2024-03-17,3.8696,2.3528,6.5347,1.9534,5.9691,1.8558,3.5923
2024-03-24,3.7174,2.3185,6.2128,1.9803,6.1023,1.8818,3.655
2024-03-31,3.8319,2.4542,6.2998,1.9982,6.1241,1.899,3.6655
2024-04-07,3.6962,2.391,5.7676,2.0048,6.0698,1.9052,3.6273
2024-04-14,3.4097,2.262,5.1441,1.9704,5.981,1.8727,3.5818
2024-04-21,3.399,2.2385,5.0641,1.9599,5.7973,1.8626,3.5038
2024-04-28,3.354,2.17,4.9324,1.9582,5.9507,1.8609,3.5586
2024-05-05,3.2397,2.2075,4.7969,1.941,5.9862,1.8453,3.5897
2024-05-12,3.1662,2.1167,4.6968,1.9828,6.098,1.885,3.6329
2024-05-19,3.1194,2.283,4.6001,1.9958,6.1988,1.8973,3.6799
2024-05-26,3.1174,2.3583,4.5894,1.9668,6.1987,1.8698,3.6766
2024-06-02,3.1098,2.3363,4.6021,1.9426,6.1745,1.8453,3.6662
2024-06-09,3.1323,2.3996,4.6465,1.9261,6.2522,1.8299,3.7019
2024-06-16,3.0416,2.2955,4.5325,1.9388,6.3549,1.8423,3.7644
2024-06-23,2.978,2.1826,4.494,1.9443,6.3957,1.8478,3.7764
2024-06-30,2.978,2.1626,4.494,1.9372,6.3923,1.8411,3.7652
2024-07-07,2.978,1.9334,4.494,1.9669,6.5147,1.8707,3.8231
2024-07-14,2.978,2.1023,4.494,1.9793,6.5775,1.8843,3.8603
2024-07-21,3.0475,2.3449,4.568,1.9238,6.4483,1.8286,3.8089
2024-07-28,3.0333,2.3489,4.574,1.9295,6.3949,1.8342,3.7972
2024-08-04,2.8762,2.009,4.4247,1.9353,6.2593,1.8392,3.7982
2024-08-11,2.8762,2.0272,4.4247,1.9044,6.2604,1.8098,3.7818
2024-08-18,2.8762,2.0258,4.4247,1.9276,6.5108,1.8319,3.8764
2024-08-25,2.873,2.2223,4.4284,1.9528,6.6027,1.8558,3.9204
2024-09-01,2.8085,1.976,4.3584,1.9608,6.6209,1.8634,3.9149
2024-09-08,2.8085,1.8902,4.3584,1.9384,6.347,1.842,3.8449
2024-09-15,2.8044,2.0374,4.3541,1.9781,6.6013,1.8798,3.9426
2024-09-22,2.8058,2.1904,4.3555,1.978,6.695,1.8797,3.9679
2024-09-29,2.8381,2.2609,4.4156,1.9847,6.733,1.8861,3.9807
2024-10-06,2.7624,2.1635,4.3036,1.9655,6.7507,1.8678,3.96
2024-10-13,2.7487,2.1624,4.2788,1.9603,6.8285,1.8615,3.9772
2024-10-20,2.783,2.3779,4.2978,1.9907,6.8875,1.8911,3.9992
2024-10-27,2.8099,2.343,4.3171,1.9602,6.8221,1.8619,3.9589
2024-11-03,2.7913,2.3686,4.3798,1.9277,6.7279,1.8273,3.9105
2024-11-10,3.406,2.7706,5.2891,1.9683,7.0478,1.8669,4.0315
2024-11-17,4.0689,3.0918,6.7153,1.9456,6.9012,1.8365,3.9655
2024-11-24,4.8936,3.376,9.3893,1.9803,7.0162,1.8751,4.0104
2024-12-01,5.2201,3.3584,11.0304,2.0007,7.0991,1.901,4.0659
2024-12-08,5.2657,3.4731,10.5265,1.9957,7.1611,1.8974,4.0938
2024-12-15,5.0303,3.6024,9.2512,1.9824,7.1187,1.8845,4.0526
2024-12-22,4.679,3.2784,8.3454,1.9411,6.9883,1.8382,3.994
2024-12-29,4.6105,3.2202,8.2555,1.9513,7.0339,1.8519,4.0012
2025-01-05,4.885,3.391,8.4654,1.9384,6.9977,1.8296,3.993
2025-01-12,4.74,3.251,8.3475,1.9189,6.8622,1.8053,3.9285
2025-01-19,4.9108,3.4785,8.6243,1.9625,7.0643,1.8582,4.018
2025-01-26,4.875,3.5432,8.5814,1.9682,7.1871,1.8635,4.0614
2025-02-02,4.5894,3.3569,8.0212,1.9687,7.1144,1.8819,4.0451
2025-02-09,4.4953,3.3184,7.8922,1.9654,7.102,1.8841,4.0477
2025-02-16,4.5046,3.314,7.9615,1.9851,7.2076,1.8935,4.0877
2025-02-23,4.4198,3.3109,7.8701,1.9595,7.0922,1.8751,4.0538
2025-03-02,4.4198,3.2501,7.8701,1.9244,7.0241,1.8446,4.0569
2025-03-09,4.1751,2.7788,7.5271,1.9158,6.8082,1.8455,3.9702
2025-03-16,4.1751,2.8423,7.5271,1.9065,6.6532,1.8562,3.9174
2025-03-23,4.1253,2.955,7.4456,1.9229,6.6871,1.8669,3.9383
2025-03-30,4.0815,2.8328,7.3261,1.9263,6.5885,1.8727,3.9049
2025-04-06,4.0815,2.6858,7.3261,1.8353,5.9911,1.7726,3.7253
2025-04-13,4.0775,2.8794,7.3208,1.8204,6.3309,1.7579,3.7931
2025-04-20,4.0405,2.9323,7.2717,1.8567,6.2417,1.8,3.7815
2025-04-27,4.1284,3.2324,7.4144,1.8728,6.529,1.825,3.8911
2025-05-04,4.084,3.2519,7.3024,1.8682,6.7201,1.8,3.9548
2025-05-11,4.2768,3.5826,7.4935,1.869,6.6914,1.8278,3.9388
2025-05-18,4.2706,3.6529,7.4414,1.8641,7.0454,1.8269,4.0565
2025-05-25,4.2957,3.7528,7.4735,1.8724,6.8665,1.8762,3.9904
2025-06-01,4.1924,3.6437,7.3677,1.8694,6.9884,1.864,4.0467
2025-06-08,4.2017,3.6429,7.3516,1.8825,7.104,1.8841,4.0745
2025-06-15,4.2309,3.6355,7.3533,1.8835,7.0787,1.9026,4.0788
2025-06-22,4.0997,3.4766,7.199,1.8766,7.0672,1.8706,4.08
2025-06-29,4.2844,3.7337,7.4988,1.8873,7.3126,1.8632,4.1794
2025-07-06,4.2932,3.7619,7.5519,1.8988,7.4366,1.8858,4.2174
2025-07-13,4.6613,4.0968,7.8868,1.8929,7.4161,1.8595,4.2027
2025-07-20,4.9562,4.0419,8.1109,1.8993,7.4632,1.8623,4.2206
2025-07-27,5.2228,4.1153,8.4828,1.9216,7.5764,1.8857,4.266
2025-08-03,4.9385,3.937,8.0843,1.8689,7.3935,1.8204,4.2232
2025-08-10,5.229,4.1068,8.8226,1.9013,7.5774,1.851,4.2825
2025-08-17,5.405,4.0521,9.1676,1.9073,7.6518,1.8582,4.3061
2025-08-24,5.5196,3.9113,9.3526,1.9181,7.6741,1.8741,4.3231
2025-08-31,4.8874,3.7321,8.3198,1.9009,7.671,1.8455,4.3285
2025-09-07,4.7717,3.8352,8.1405,1.9287,7.697,1.886,4.3538
2025-09-14,4.9666,3.9761,8.3652,1.9655,7.818,1.9199,4.3996
2025-09-21,5.0619,3.9735,8.5914,1.988,7.9147,1.9418,4.4275
2025-09-28,4.8928,3.8649,8.0944,1.989,7.8922,1.9473,4.4126
2025-10-05,5.0997,4.2561,8.5566,2.0243,7.9804,1.9778,4.4516
2025-10-12,4.522,3.9677,7.2617,1.987,7.7873,1.9194,4.3927
2025-10-19,4.4563,3.7456,7.1324,2.0338,7.9229,1.9782,4.4485
2025-10-26,4.4563,3.9472,7.1324,2.0486,8.0762,1.983,4.504
2025-11-02,4.3901,3.8035,7.0178,2.0546,8.1336,2.0039,4.5131
2025-11-09,4.3021,3.607,6.8848,2.0156,8.0014,1.9435,4.4692
2025-11-16,4.3021,3.2451,6.8848,2.0258,8.0128,1.9597,4.4689
2025-11-23,4.3021,2.9933,6.8848,2.0084,7.859,1.9574,4.4279
2025-11-30,4.3021,3.122,6.8848,2.04,8.1495,1.9947,4.5351
2025-12-07,4.3021,3.1034,6.8848,2.0147,8.1769,1.9692,4.5319
2025-12-14,4.3021,3.0354,6.8848,2.0077,8.13,1.9648,4.5106
2025-12-21,4.3021,3.0505,6.8848,2.0066,8.1401,1.9654,4.5204
2025-12-28,4.3021,3.0234,6.8848,2.0469,8.2563,2.0036,4.5646
2026-01-04,4.3288,3.1479,6.9258,2.035,8.1709,1.9726,4.5284
2026-01-11,4.3942,3.1257,7.0271,2.0716,8.3013,2.0018,4.5779
2026-01-18,4.4032,3.2479,6.9729,2.0934,8.2725,2.029,4.5614
2026-01-25,4.2174,2.9786,6.7806,2.1319,8.2434,2.0793,4.5516
2026-02-01,4.2174,2.65,6.7806,2.1273,8.2762,2.0526,4.5629
2026-02-08,4.2174,2.4299,6.7806,2.1878,8.26,2.1014,4.5649
2026-02-15,4.2174,2.3647,6.7806,2.2245,8.1539,2.1315,4.5475
2026-02-22,4.2174,2.3275,6.7806,2.2222,8.2458,2.1325,4.5777
2026-03-01,4.2174,2.2649,6.7806,2.225,8.2046,2.1371,4.5789
2026-03-08,4.2174,2.2811,6.7806,2.16,8.0419,2.108,4.4999
2026-03-15,4.2174,2.5054,6.7806,2.1646,7.9212,2.1541,4.4426
2026-03-22,4.0888,2.3436,6.5266,2.1271,7.7783,2.1441,4.3801
2026-03-29,4.0958,2.2729,6.5343,2.16,7.6046,2.2061,4.3144
2026-04-05,4.0958,2.3748,6.5343,2.155,7.8653,2.1793,4.4228
2026-04-12,4.482,2.4355,7.2853,2.1497,8.1487,2.1502,4.5223
2026-04-19,4.3022,2.5465,6.8697,2.1427,8.5167,2.1117,4.6629
2026-04-26,4.5442,2.7061,7.4271,2.146,8.5623,2.173,4.6724
2026-05-03,4.6999,2.7099,7.7831,2.1644,8.6427,2.1989,4.6917
2026-05-10,4.998,2.8342,8.7148,2.1958,8.8462,2.2266,4.7669
2026-05-17,4.8489,2.6702,8.4364,2.1936,8.8648,2.2476,4.7436
2026-05-24,4.9759,2.6524,8.6795,2.2054,8.9424,2.2393,4.7761
2026-05-31,4.8569,2.5352,8.3158,2.2242,9.0724,2.2864,4.8336
2026-06-07,4.8569,2.179,8.3158,2.1635,8.8454,2.191,4.7458
2026-06-14,4.8569,2.2641,8.3158,2.166,8.8958,2.1874,4.7734
2026-06-21,4.8569,2.1789,8.3158,2.1797,8.9787,2.2401,4.8038
2026-06-28,4.8569,2.0512,8.3158,2.1666,8.7653,2.1571,4.7483
2026-07-05,4.8569,2.1896,8.3158,2.165,8.9551,2.1253,4.7976
2026-07-12,4.8569,2.1968,8.3158,2.1408,9.0774,2.1041,4.8273
2026-07-19,4.7133,2.229,7.8995,2.1191,8.9372,2.0593,4.7862
2026-07-26,4.7768,2.2514,8.0196,2.1401,8.8848,2.0904,4.7529
2026-08-02,4.5399,2.1873,7.6042,2.1017,8.9822,2.0187,4.7827
2026-08-09,4.5498,2.2343,7.5236,2.1034,9.2976,2.0327,4.8956
2026-08-16,4.5232,2.1645,7.4719,2.1197,9.3346,2.0297,4.9049
2026-08-23,5.0803,2.6791,8.2948,2.1086,9.2069,2.0183,4.8592
2026-08-30,5.1186,2.6761,8.1998,2.0951,9.2506,1.9997,4.8739
2026-09-06,5.8648,2.7685,10.6657,2.1134,9.2607,2.0096,4.8717
2026-09-13,5.3801,2.6475,9.0533,2.1093,9.1897,2.0178,4.8236
2026-09-20,6.2374,2.7958,11.8375,2.0882,9.1812,1.9932,4.8165
2026-09-27,6.3037,2.9075,12.2618,2.0924,9.2474,2.0095,4.8324
