time_utc,sleeve,mode,equity,drawdown,exposure,brake_now,action,usd_mxn
2026-09-26 04:01,crypto,paper,304.48,-0.0062,0.7129,1.0,observe,17.672
2026-09-26 04:01,stocks,paper,702.89,0.0,0.997,1.0,observe,17.672
2026-09-26 04:32,crypto,paper,304.97,-0.0046,0.7133,1.0,observe,17.672
2026-09-26 04:32,stocks,paper,702.89,0.0,0.997,1.0,observe,17.672
2026-09-26 04:33,crypto,paper,305.03,-0.0044,0.7134,1.0,observe,17.672
2026-09-26 04:33,stocks,paper,702.89,0.0,0.997,1.0,observe,17.672
2026-09-26 04:34,crypto,paper,305.13,-0.004,0.7135,1.0,observe,17.672
2026-09-26 04:34,stocks,paper,702.89,0.0,0.997,1.0,observe,17.672
2026-09-26 05:06,crypto,paper,305.33,-0.0034,0.7137,1.0,observe,17.68
2026-09-26 05:06,stocks,paper,702.89,0.0,0.997,1.0,observe,17.68
2026-09-26 09:49,crypto,paper,305.5,-0.0028,0.7138,1.0,observe,17.678
2026-09-26 09:49,stocks,paper,702.89,0.0,0.997,1.0,observe,17.678
2026-09-26 12:27,crypto,paper,306.38,0.0,0.7147,1.0,observe,17.676
2026-09-26 12:27,stocks,paper,702.89,0.0,0.997,1.0,observe,17.676
2026-09-26 14:23,crypto,paper,306.36,-0.0,0.7146,1.0,observe,17.676
2026-09-26 14:23,stocks,paper,702.89,0.0,0.997,1.0,observe,17.676
2026-09-26 18:31,crypto,paper,305.49,-0.0029,0.7138,1.0,observe,17.677
2026-09-26 18:31,stocks,paper,702.89,0.0,0.997,1.0,observe,17.677
2026-09-26 21:56,crypto,paper,305.99,-0.0012,0.7143,1.0,observe,17.67
2026-09-26 21:56,stocks,paper,702.89,0.0,0.997,1.0,observe,17.67
2026-09-27 00:29,crypto,paper,306.61,-0.0023,0.7499,1.0,observe,17.662
2026-09-27 00:29,stocks,paper,702.89,0.0,0.997,1.0,observe,17.662
2026-09-27 05:24,crypto,paper,307.24,-0.0003,0.7504,1.0,observe,17.676
2026-09-27 05:24,stocks,paper,702.89,0.0,0.997,1.0,observe,17.676
2026-09-27 06:33,crypto,paper,309.97,0.0,0.7526,1.0,observe,17.677
2026-09-27 06:33,stocks,paper,702.89,0.0,0.997,1.0,observe,17.677
2026-09-27 12:56,crypto,paper,307.94,0.0,0.751,1.0,observe,17.678
2026-09-27 12:56,stocks,paper,702.89,0.0,0.997,1.0,observe,17.678
2026-09-27 17:41,crypto,paper,306.26,-0.0034,0.7496,1.0,observe,17.681
2026-09-27 17:41,stocks,paper,702.89,0.0,0.997,1.0,observe,17.681
2026-09-27 20:09,crypto,paper,308.48,0.0,0.7514,1.0,observe,17.684
2026-09-27 20:09,stocks,paper,702.89,0.0,0.997,1.0,observe,17.684
2026-09-27 20:23,crypto,paper,307.85,0.0,0.7509,1.0,observe,17.687
2026-09-27 20:23,stocks,paper,702.89,0.0,0.997,1.0,observe,17.687
2026-09-27 20:25,crypto,paper,307.77,0.0,0.7509,1.0,observe,17.6865
2026-09-27 20:25,stocks,paper,702.89,0.0,0.997,1.0,observe,17.6865
