run_at_utc,sleeve,mode,broker,candle,asset,side,qty,price,value,fee,status,note,ref_price,cost_bps
2026-09-25 05:26,crypto,paper,simulado,2026-09-24,NEAR,buy,6.27660259,4.597076,28.85,0.0289,filled,,,
2026-09-25 05:26,crypto,paper,simulado,2026-09-24,UNI,buy,3.27025933,9.16309,29.97,0.03,filled,,,
2026-09-25 05:26,crypto,paper,simulado,2026-09-24,LINK,buy,3.65744289,13.244526,48.44,0.0484,filled,,,
2026-09-25 05:26,crypto,paper,simulado,2026-09-24,LTC,buy,0.6808246,72.07386,49.07,0.0491,filled,,,
2026-09-25 05:26,crypto,paper,simulado,2026-09-24,ETH,buy,0.02363862,2692.61448,63.65,0.0636,filled,,,
2026-09-25 05:26,stocks,paper,simulado,2026-09-24,IEF,buy,3.12186411,89.734847,280.14,0.0,filled,,,
2026-09-25 05:26,stocks,paper,simulado,2026-09-24,SPY,buy,0.54426702,767.563583,417.76,0.0,filled,,,
2026-09-26 01:02,crypto,paper,simulado,2026-09-25,ETH,sell,0.02363862,2685.9673,63.49,0.0635,filled,,,
2026-09-26 01:02,crypto,paper,simulado,2026-09-25,SOL,buy,0.45551896,122.38428,55.75,0.0557,filled,,,
2026-09-27 00:29,crypto,paper,simulado · libro real de Bitso,2026-09-26,SOL,sell,0.45551895,120.846049,55.05,0.1982,filled,,120.894,40.0
2026-09-27 00:29,crypto,paper,simulado · libro real de Bitso,2026-09-26,ETH,buy,0.02428053,2692.0,65.36,0.2353,filled,,2691.95,36.2
2026-09-28 00:35,crypto,paper,simulado · libro real de Bitso,2026-09-27,ETH,sell,0.02428053,2675.2,64.96,0.1949,filled,límite: 100% como maker,2674.7,28.1
2026-09-28 00:35,crypto,paper,simulado · libro real de Bitso,2026-09-27,NEAR,buy,2.91530868,5.3178,15.5,0.0558,filled,"límite: 0% como maker, resto a mercado",5.30755,55.3
2026-09-28 00:35,crypto,paper,simulado · libro real de Bitso,2026-09-27,UNI,buy,2.09781488,9.6195,20.18,0.0726,filled,"límite: 0% como maker, resto a mercado",9.6121,43.7
2026-09-28 00:35,crypto,paper,simulado · libro real de Bitso,2026-09-27,LINK,buy,2.21308774,14.0178,31.02,0.1117,filled,"límite: 0% como maker, resto a mercado",14.0063,44.2
2026-09-28 00:35,crypto,paper,simulado · libro real de Bitso,2026-09-27,LTC,buy,0.50755468,70.334,35.7,0.1285,filled,,70.26,46.5
2026-09-28 00:35,crypto,paper,simulado · libro real de Bitso,2026-09-27,SOL,buy,0.75793919,121.742039,92.27,0.3322,filled,,121.6945,39.9
